,Rank,Name,Team,Cl,Height,Position,G,FGM,FT,PTS,division
0,1,Isiaih Mosley,Missouri St.,Jr.,6-5,G,22,171,77,469,division1
1,2,Malachi Smith,Chattanooga,So.,6-4,G,21,156,97,452,division1
2,3,Darius McGhee,Liberty,Sr.,5-9,G,19,148,62,437,division1
3,4,Antonio Reeves,Illinois St.,Jr.,6-6,G,21,154,69,431,division1
4,5,Max Abmas,Oral Roberts,Jr.,6-0,G,19,142,69,430,division1
5,6,Alondes Williams,Wake Forest,Sr.,6-5,G,21,159,82,428,division1
6,7,Savion Flagg,Sam Houston,Sr.,6-7,G,21,156,51,420,division1
7,8,Tanner Holden,Wright St.,Jr.,6-6,G,20,141,122,413,division1
8,9,Keegan Murray,Iowa,So.,6-8,F,18,157,69,411,division1
9,10,Ochai Agbaji,Kansas,Sr.,6-5,G,19,149,45,405,division1
10,11,Dereon Seabron,NC State,So.,6-7,G,21,151,90,400,division1
11,12,Ryan Rollins,Toledo,So.,6-4,G,20,140,88,399,division1
12,13,Jake Stephens,VMI,Sr.,6-8,C,21,138,75,396,division1
13,14,Bryce Hamilton,UNLV,Sr.,6-4,G,20,143,67,395,division1
14,15,Taevion Kinsey,Marshall,Sr.,6-5,G,19,145,94,395,division1
15,16,John-Michael Wright,High Point,Jr.,6-1,G,20,128,91,393,division1
16,17,Kendric Davis,SMU,Sr.,5-11,G,19,116,110,391,division1
17,18,Antoine Davis,Detroit Mercy,Sr.,6-1,G,16,133,55,390,division1
18,19,Cam Spencer,Loyola Maryland,Jr.,6-4,G,20,141,67,387,division1
19,20,Buddy Boeheim,Syracuse,Sr.,6-6,G,20,127,74,378,division1
20,21,Tavian Dunn-Martin,FGCU,Sr.,5-8,G,19,113,87,372,division1
21,22,Justin Bean,Utah St.,Sr.,6-7,F,20,142,63,370,division1
22,23,Trayce Jackson-Davis,Indiana,Jr.,6-9,F,20,142,84,368,division1
23,24,Fardaws Aimaq,Utah Valley,So.,6-11,C,19,134,90,366,division1
24,25,Adrian Delph,App State,Sr.,6-3,G,21,129,46,366,division1
25,26,Kamdyn Curfman,VMI,Jr.,6-0,G,21,126,33,365,division1
26,27,Orlando Robinson,Fresno St.,Jr.,7-0,F,19,131,84,365,division1
27,28,Javante McCoy,Boston U.,Sr.,6-5,G,22,141,38,363,division1
28,29,M.J. Randolph,Florida A M,Sr.,6-4,G,18,134,82,361,division1
29,30,Andrew Funk,Bucknell,Sr.,6-5,G,21,135,37,360,division1
30,31,JD Notae,Arkansas,Sr.,6-2,G,19,133,51,360,division1
31,32,Jamal Cain,Oakland,Sr.,6-7,F,18,135,68,359,division1
32,33,Jamaree Bouyea,San Francisco,Sr.,6-2,G,20,134,43,358,division1
33,34,Hayden Brown,The Citadel,Sr.,6-6,F,19,129,77,357,division1
34,35,Rayshon Harrison,Presbyterian,So.,6-4,G,21,115,90,357,division1
35,36,Kameron McGusty,Miami (FL),Sr.,6-5,G,20,119,89,357,division1
36,37,Terrell Brown Jr.,Washington,Sr.,6-3,G,17,130,88,356,division1
37,38,Johnny Davis,Wisconsin,So.,6-5,G,16,124,81,356,division1
38,39,"Jamal Mashburn, Jr.",New Mexico,So.,6-2,G,20,128,66,356,division1
39,40,Azar Swain,Yale,Sr.,6-0,G,18,118,74,355,division1
40,41,Tevin Brown,Murray St.,Jr.,6-5,G,20,114,59,353,division1
41,42,Mark Sears,Ohio,So.,6-1,G,18,114,99,352,division1
42,43,Alex Barcello,BYU,Sr.,6-2,G,21,113,73,351,division1
43,44,Lamar Norman Jr.,Western Mich.,Jr.,6-1,G,18,125,42,351,division1
44,45,Grant Basile,Wright St.,Jr.,6-9,F,20,126,80,350,division1
45,46,Jalen Cone,Northern Ariz.,So.,5-11,G,18,110,71,350,division1
46,47,Gibson Jimerson,Saint Louis,Fr.,6-5,G,19,115,73,349,division1
47,48,Justin Lewis,Marquette,Fr.,6-7,F,21,125,64,349,division1
48,49,Iverson Molinar,Mississippi St.,Jr.,6-3,G,19,125,78,349,division1
49,50,Scotty Pippen Jr.,Vanderbilt,Jr.,6-3,G,19,110,96,349,division1
50,51,Mike Bothwell,Furman,Sr.,6-3,G,22,117,74,348,division1
51,52,Mikey Dixon,Idaho,Sr.,6-2,G,19,101,112,348,division1
52,53,Graham Ike,Wyoming,So.,6-9,F,17,128,90,348,division1
53,54,Jalen Williams,Santa Clara,Jr.,6-6,G,19,124,75,347,division1
54,55,Michael Devoe,Georgia Tech,Sr.,6-5,G,18,123,56,346,division1
55,56,Teddy Allen,New Mexico St.,Jr.,6-6,G,19,117,66,344,division1
56,57,Jahmir Young,Charlotte,Jr.,6-2,G,18,117,72,344,division1
57,58,Collin Gillespie,Villanova,Sr.,6-2,G,20,112,53,343,division1
58,59,Jaden Shackelford,Alabama,Jr.,6-3,G,20,115,49,342,division1
59,60,Tyler Thomas,Sacred Heart,Jr.,6-3,G,19,133,28,342,division1
60,61,Paolo Banchero,Duke,Fr.,6-10,F,19,122,77,341,division1
61,62,Jordan Walker,UAB,Jr.,5-11,G,19,113,53,341,division1
62,63,Tyrn Flowers,LIU,Sr.,6-9,F,18,124,37,339,division1
63,64,Trenton Massner,Western Ill.,Jr.,6-3,G,20,130,43,339,division1
64,65,Javon Freeman-Liberty,DePaul,Sr.,6-4,G,16,117,70,338,division1
65,66,Jalen Slawson,Furman,Sr.,6-7,F,22,125,60,338,division1
66,67,Izaiah Brockington,Iowa St.,Sr.,6-4,G,20,127,66,337,division1
67,68,Jordan Dingle,Penn,So.,6-3,G,18,123,47,336,division1
68,69,Derek St. Hilaire,New Orleans,Sr.,6-0,G,17,119,61,336,division1
69,70,Jalen Rucker,Army West Point,So.,5-10,G,21,112,55,335,division1
70,71,KJ Simon,UT Martin,Jr.,6-3,G,20,134,44,335,division1
71,72,KJ Williams,Murray St.,Jr.,6-10,F,20,138,42,335,division1
72,73,B.J. Mack,Wofford,Jr.,6-8,C,21,125,64,334,division1
73,74,Terry Roberts,Bradley,Jr.,6-3,G,21,130,42,334,division1
74,75,Tyler Burton,Richmond,Jr.,6-7,F,20,108,77,333,division1
75,76,Justin Johnson,UTRGV,Jr.,6-6,G,20,117,79,333,division1
76,77,Taz Sherman,West Virginia,Sr.,6-4,G,18,112,75,333,division1
77,78,Daylen Kountz,Northern Colo.,Sr.,6-4,G,17,123,58,332,division1
78,79,Julian Champagnie,St. John s (NY),Jr.,6-8,F,17,123,44,331,division1
79,80,Koby McEwen,Weber St.,Sr.,6-4,G,19,100,89,331,division1
80,81,AJ Green,UNI,Sr.,6-4,G,18,98,79,329,division1
81,82,Sukhmail Mathon,Boston U.,Sr.,6-10,F,22,114,100,329,division1
82,83,Daeqwon Plowden,Bowling Green,Sr.,6-6,F,20,111,80,329,division1
83,84,Isaiah Wong,Miami (FL),So.,6-3,G,20,121,57,329,division1
84,85,Peter Kiss,Bryant,Sr.,6-5,G,15,123,56,328,division1
85,86,Grant Sherfield,Nevada,Jr.,6-2,G,17,114,65,326,division1
86,87,Oscar Tshiebwe,Kentucky,Jr.,6-9,F,20,131,64,326,division1
87,88,Eric Ayala,Maryland,Sr.,6-5,G,20,109,55,325,division1
88,89,Armando Bacot,North Carolina,Jr.,6-10,F,20,130,64,325,division1
89,90,Sincere Carry,Kent St.,Sr.,6-1,G,19,105,76,325,division1
90,91,Steele Venters,Eastern Wash.,Fr.,6-7,F,18,109,53,325,division1
91,92,Johni Broome,Morehead St.,Fr.,6-10,F,20,134,56,324,division1
92,93,D.J. Burns Jr.,Winthrop,Jr.,6-9,F,20,143,37,323,division1
93,94,Ty Gordon,Nicholls,Sr.,6-1,G,16,124,15,323,division1
94,95,Rocky Kreuser,North Dakota St.,Sr.,6-10,F,20,106,72,323,division1
95,96,Alex Hunter,Furman,Sr.,5-11,G,22,113,20,322,division1
96,97,Darius Quisenberry,Fordham,Sr.,6-1,G,18,101,71,322,division1
97,98,KJ Hunt,Denver,Jr.,6-3,G,21,118,65,321,division1
98,99,"Charles Manning, Jr.",South Alabama,Sr.,6-4,G,18,112,77,320,division1
99,100,Drew Timme,Gonzaga,Jr.,6-10,F,17,121,74,320,division1
100,101,Felipe Haase,Mercer,Sr.,6-9,F,21,102,63,319,division1
101,102,Ray Sean Taylor,SIUE,Fr.,6-1,G,19,117,42,319,division1
102,103,Tristen Newton,East Carolina,Jr.,6-5,G,18,103,82,318,division1
103,104,Justin Moore,Villanova,Jr.,6-4,G,20,113,45,317,division1
104,105,David Roddy,Colorado St.,Jr.,6-6,F,17,115,65,317,division1
105,106,Keve Aluma,Virginia Tech,Sr.,6-9,F,20,124,56,316,division1
106,107,Cameron Tyson,Seattle U,So.,6-2,G,19,107,27,316,division1
107,108,Ben Sheppard,Belmont,Jr.,6-6,G,20,114,40,315,division1
108,109,Jalen Cook,Tulane,Fr.,6-0,G,16,107,62,313,division1
109,110,Bennedict Mathurin,Arizona,So.,6-6,G,18,107,57,313,division1
110,111,Baylor Scheierman,South Dakota St.,So.,6-6,G,21,103,57,313,division1
111,112,Aaron Estrada,Hofstra,Jr.,6-3,G,19,121,44,311,division1
112,113,Marcus Hammond,Niagara,Sr.,6-1,G,18,98,69,311,division1
113,114,John Hugley,Pittsburgh,So.,6-9,F,20,95,116,311,division1
114,115,E.J. Liddell,Ohio St.,Jr.,6-6,F,16,103,82,311,division1
115,116,Ron Harper Jr.,Rutgers,Sr.,6-6,G,19,103,61,309,division1
116,117,Jaelen House,New Mexico,Jr.,6-0,G,19,102,78,309,division1
117,118,Trey Townsend,Oakland,Fr.,6-6,F,20,122,60,309,division1
118,119,Jovan Blacksher Jr.,Grand Canyon,Jr.,5-11,G,18,112,39,308,division1
119,120,Jarred Godfrey,Purdue Fort Wayne,Sr.,6-5,G,19,107,51,308,division1
120,121,Alfonso Plummer,Illinois,Sr.,6-1,G,19,99,49,307,division1
121,122,Marcus Domask,Southern Ill.,Jr.,6-6,F,20,98,77,306,division1
122,123,Ques Glover,Samford,So.,6-0,G,17,107,76,306,division1
123,124,Dae Dae Grant,Miami (OH),Jr.,6-2,G,18,112,42,306,division1
124,125,Cameron Holden,Towson,Jr.,6-5,F,21,106,78,306,division1
125,126,"Kenneth Lofton, Jr.",Louisiana Tech,Fr.,6-7,F,18,119,66,305,division1
126,127,Jeenathan Williams,Buffalo,Sr.,6-5,F,16,117,42,305,division1
127,128,Jericole Hellems,NC State,Sr.,6-7,F,21,99,60,304,division1
128,129,Hyunjung Lee,Davidson,Jr.,6-7,G,19,102,53,304,division1
129,130,Gaige Prim,Missouri St.,Sr.,6-9,F,22,116,68,304,division1
130,131,Jabari Smith,Auburn,Fr.,6-10,F,20,103,56,304,division1
131,132,Will Carius,Western Ill.,Sr.,6-7,F,19,94,54,303,division1
132,133,Isaac Mushila,A M-Corpus Christi,Jr.,6-5,F,20,101,94,303,division1
133,134,Jacob Ognacevic,Lipscomb,Fr.,6-7,F,20,99,79,303,division1
134,135,JT Shumate,Toledo,Jr.,6-7,F,20,108,47,303,division1
135,136,Tari Eason,LSU,So.,6-8,F,19,109,71,302,division1
136,137,Grant Golden,Richmond,Sr.,6-10,F,20,124,33,302,division1
137,138,Hunter Maldonado,Wyoming,Sr.,6-7,G,17,103,84,302,division1
138,139,Terquavion Smith,NC State,Fr.,6-4,G,21,109,28,302,division1
139,140,Dylan Painter,Delaware,Sr.,6-10,F,21,101,93,301,division1
140,141,Evan Taylor,Lehigh,Jr.,6-6,G,21,109,46,301,division1
141,142,Jaden Ivey,Purdue,So.,6-4,G,18,98,68,300,division1
142,143,Caleb Love,North Carolina,So.,6-4,G,20,98,60,300,division1
143,144,Nick Robinson,Western Caro.,Sr.,6-5,G,21,98,63,300,division1
144,145,Bryce McGowens,Nebraska,Fr.,6-7,G,19,95,87,299,division1
145,146,Darrion Trammell,Seattle U,So.,5-10,G,19,90,90,299,division1
146,147,Tevin Brewer,FIU,Jr.,5-8,G,19,101,52,297,division1
147,148,Ryan Davis,Vermont,Sr.,6-8,F,17,110,49,297,division1
148,149,Tyson Jolly,Iona,Sr.,6-4,G,20,105,59,297,division1
149,150,David Azore,UT Arlington,Sr.,6-4,G,16,93,97,296,division1
150,151,Ledarrius Brewer,ETSU,Sr.,6-5,G,22,113,26,296,division1
151,152,DeAndre Gholston,Milwaukee,Jr.,6-5,G,19,105,46,296,division1
152,153,Jeriah Horne,Tulsa,Sr.,6-7,F,18,99,60,296,division1
153,154,Kofi Cockburn,Illinois,Jr.,7-0,C,14,112,71,295,division1
154,155,PJ Hall,Clemson,So.,6-10,F,20,115,46,295,division1
155,156,Max Klesmit,Wofford,So.,6-3,G,20,99,55,295,division1
156,157,James Bishop,George Washington,Jr.,6-2,G,18,106,46,294,division1
157,158,Jalen Johnson,Mercer,Sr.,6-6,G,20,98,39,293,division1
158,159,David Sloan,ETSU,Sr.,6-0,G,22,107,33,293,division1
159,160,Joe Bryant,Norfolk St.,Sr.,6-1,G,18,87,93,292,division1
160,161,Jake LaRavia,Wake Forest,Jr.,6-8,G,19,102,74,292,division1
161,162,Essam Mostafa,Coastal Carolina,So.,6-9,F,19,112,67,292,division1
162,163,Nicolas Timberlake,Towson,Jr.,6-4,G,21,101,47,292,division1
163,164,Jordan Usher,Georgia Tech,Sr.,6-7,F,19,113,39,292,division1
164,165,E.J. Anosike,Cal St. Fullerton,Sr.,6-7,F,16,104,80,291,division1
165,166,Christian Braun,Kansas,Jr.,6-6,G,19,107,55,291,division1
166,167,Dane Goodwin,Notre Dame,Sr.,6-6,G,19,106,35,291,division1
167,168,Jay Jay Chandler,South Alabama,Sr.,6-4,G,19,104,56,290,division1
168,169,Zach Edey,Purdue,So.,7-4,C,19,117,56,290,division1
169,170,Norchad Omier,Arkansas St.,Fr.,6-7,F,17,115,59,290,division1
170,171,Jordan Hall,Saint Joseph s,So.,6-7,F,19,104,37,289,division1
171,172,Johnny Juzang,UCLA,Jr.,6-7,G,16,108,41,289,division1
172,173,Gus Okafor,Southeastern La.,Jr.,6-6,F,20,92,67,289,division1
173,174,Miles Coleman,NJIT,Sr.,6-5,F,18,102,56,288,division1
174,175,Gavin Kensmil,SFA,Sr.,6-7,F,20,105,77,288,division1
175,176,Wendell Moore Jr.,Duke,Jr.,6-5,F,19,108,42,287,division1
176,177,Jordan King,ETSU,Jr.,6-0,G,22,102,24,286,division1
177,178,Jahvon Quinerly,Alabama,Sr.,6-1,G,20,106,47,286,division1
178,179,Vince Cole,Coastal Carolina,Sr.,6-6,G,19,99,36,285,division1
179,180,Sam Griffin,Tulsa,So.,6-3,G,18,104,36,285,division1
180,181,Dayvion McKnight,Western Ky.,So.,6-1,G,19,106,67,285,division1
181,182,Nick Muszynski,Belmont,Sr.,6-11,C,19,115,53,285,division1
182,183,Drew Pember,UNC Asheville,Jr.,6-10,F,19,93,77,285,division1
183,184,Jose Perez,Manhattan,Sr.,6-5,G,16,93,90,285,division1
184,185,Blake Wesley,Notre Dame,Fr.,6-5,G,19,101,49,285,division1
185,186,Douglas Wilson,South Dakota St.,Sr.,6-7,F,20,102,80,285,division1
186,187,Tucker DeVries,Drake,Fr.,6-7,G,21,97,41,284,division1
187,188,Eli Scott,LMU (CA),Sr.,6-6,F,17,106,67,284,division1
188,189,Setric Millner Jr.,Toledo,Jr.,6-7,F,20,103,52,283,division1
189,190,Will Richardson,Oregon,Sr.,6-5,G,19,99,44,283,division1
190,191,Keshawn Justice,Santa Clara,Sr.,6-7,F,19,97,38,282,division1
191,192,Paul Bruns,North Dakota,Fr.,6-4,G,20,98,42,281,division1
192,193,RJ Cole,UConn,Sr.,6-1,G,18,89,70,281,division1
193,194,Josh Oduro,George Mason,Jr.,6-9,F,16,106,58,281,division1
194,195,Jared Rhoden,Seton Hall,Sr.,6-6,F,18,96,73,281,division1
195,196,Noah Kirkwood,Harvard,Sr.,6-7,G,16,105,42,280,division1
196,197,Nijel Pack,Kansas St.,So.,6-0,G,17,98,31,280,division1
197,198,George Papas,Monmouth,Sr.,6-5,G,18,85,53,280,division1
198,199,Kruz Perrott-Hunt,South Dakota,Jr.,6-3,G,19,89,68,280,division1
199,200,Souley Boum,UTEP,Jr.,6-3,G,15,76,96,279,division1
200,201,Taylor Funk,Saint Joseph s,Sr.,6-8,F,19,91,39,279,division1
201,202,Jayden Gardner,Virginia,Sr.,6-6,F,20,111,54,279,division1
202,203,Foster Loyer,Davidson,Jr.,6-0,G,18,84,63,279,division1
203,204,Isaiah Mobley,Southern California,Jr.,6-10,F,19,99,50,279,division1
204,205,"Eric Reed, Jr.",Southeast Mo. St.,Jr.,6-2,G,18,93,51,279,division1
205,206,Jordan Shepherd,California,Sr.,6-4,G,19,94,70,279,division1
206,207,Brad Davison,Wisconsin,Sr.,6-4,G,18,84,63,278,division1
207,208,Marcellus Earlington,San Diego,Sr.,6-6,F,20,102,46,278,division1
208,209,RJ Glasper,UIW,Sr.,6-0,G,19,98,52,278,division1
209,210,Carl Pierre,Rice,Sr.,6-4,G,18,97,25,278,division1
210,211,Charles Pride,Bryant,Jr.,6-4,G,18,100,45,278,division1
211,212,Jan Zidek,Pepperdine,Jr.,6-9,F,21,98,56,278,division1
212,213,David Jean-Baptiste,Chattanooga,Sr.,6-1,G,19,93,32,277,division1
213,214,Kino Lilly Jr.,Brown,Fr.,6-0,G,21,93,40,277,division1
214,215,Santiago Vescovi,Tennessee,Jr.,6-3,G,19,90,38,277,division1
215,216,Jimmy Boeheim,Syracuse,Sr.,6-8,F,20,109,36,276,division1
216,217,De Monte Buckingham,UNC Greensboro,Sr.,6-4,G,20,93,45,276,division1
217,218,C.J. Keyser,Old Dominion,Sr.,6-3,G,19,107,38,276,division1
218,219,Chris Austin,Portland,So.,6-4,G,19,96,55,275,division1
219,220,Yauhen Massalski,San Francisco,Sr.,6-9,F,20,117,39,275,division1
220,221,Zach Austin,High Point,So.,6-4,F,20,98,39,274,division1
221,222,Luka Brajkovic,Davidson,Sr.,6-10,F,19,113,32,274,division1
222,223,Jacob Germany,UTSA,Jr.,6-11,C,20,108,57,274,division1
223,224,Phillip Russell,Southeast Mo. St.,Fr.,5-10,G,19,85,67,274,division1
224,225,Jaylin Andrews,Loyola Maryland,Sr.,6-4,G,19,94,55,273,division1
225,226,Colton Sandage,Western Ill.,Sr.,6-2,G,20,90,51,273,division1
226,227,Ben Shungu,Vermont,Sr.,6-2,G,18,100,41,273,division1
227,228,Bryson Williams,Texas Tech,Sr.,6-8,F,20,107,36,273,division1
228,229,Pete Nance,Northwestern,Sr.,6-10,F,17,102,46,272,division1
229,230,Jameer Nelson Jr.,Delaware,Jr.,6-1,G,21,102,37,272,division1
230,231,Mason Archambault,South Dakota,Sr.,6-0,G,19,78,81,271,division1
231,232,Tamenang Choh,Brown,Sr.,6-5,F,18,86,84,271,division1
232,233,Travis Evee,Rice,So.,6-1,G,18,87,46,271,division1
233,234,Nelly Joseph,Iona,So.,6-9,F,20,97,76,271,division1
234,235,Joel Murray,Long Beach St.,Jr.,5-11,G,17,101,58,271,division1
235,236,Alonzo Verge Jr.,Nebraska,Sr.,6-3,G,19,101,60,271,division1
236,237,Jamison Battle,Minnesota,Jr.,6-7,F,15,98,35,270,division1
237,238,Sy Chatman,Illinois St.,Jr.,6-8,F,20,100,69,270,division1
238,239,RJ Davis,North Carolina,So.,6-0,G,20,90,57,270,division1
239,240,Jalen Moore,Oakland,Jr.,5-11,G,18,74,99,270,division1
240,241,Bryson Mozone,USC Upstate,Sr.,6-6,G,19,100,29,270,division1
241,242,Anthony Roberts,Stony Brook,Sr.,6-4,G,18,99,48,270,division1
242,243,John Carter Jr.,Navy,Sr.,6-3,G,20,91,44,269,division1
243,244,David Jones,DePaul,So.,6-6,F,18,103,40,269,division1
244,245,Tyrone Lyons,Southern U.,Jr.,6-6,G,19,89,68,269,division1
245,246,Shavar Reynolds,Monmouth,Sr.,6-2,G,18,89,65,269,division1
246,247,Ronaldo Segu,Buffalo,Sr.,6-0,G,17,97,43,269,division1
247,248,Boo Buie,Northwestern,Jr.,6-2,G,18,91,46,268,division1
248,249,Desmond Cambridge Jr.,Nevada,Sr.,6-4,G,17,101,19,268,division1
249,250,Tyree Corbett,Coppin St.,Jr.,6-7,F,18,100,57,268,division1
250,251,Michael Forrest,Fla. Atlantic,Jr.,6-0,G,19,91,34,268,division1
251,252,Riley Grigsby,Seattle U,Jr.,6-6,G,19,99,40,268,division1
252,253,Darryl Morsell,Marquette,Sr.,6-5,G,20,90,56,268,division1
253,254,D Shawn Schwartz,George Mason,Sr.,6-7,G,17,99,26,268,division1
254,255,Lance Terry,Gardner-Webb,Jr.,6-2,G,19,99,38,268,division1
255,256,Amorie Archibald,Louisiana Tech,Sr.,6-3,G,19,85,63,267,division1
256,257,Joe Bamisile,George Washington,So.,6-4,G,18,109,22,267,division1
257,258,David DeJulius,Cincinnati,Sr.,6-0,G,20,96,46,267,division1
258,259,Eral Penn,LIU,Sr.,6-7,F,17,89,64,267,division1
259,260,Jaylen Forbes,Tulane,So.,6-5,G,17,83,55,266,division1
260,261,D Moi Hodge,Cleveland St.,Sr.,6-4,G,17,96,37,266,division1
261,262,Abu Kigab,Boise St.,Sr.,6-7,F,20,93,69,266,division1
262,263,AJ Walker,Air Force,Sr.,6-2,G,17,93,43,266,division1
263,264,Kendal Coleman,Northwestern St.,So.,6-8,C,18,122,21,265,division1
264,265,Russell Harrison,ULM,Sr.,6-7,F,20,96,28,265,division1
265,266,K.D. Johnson,Auburn,So.,6-1,G,20,84,64,265,division1
266,267,Jabari Walker,Colorado,So.,6-9,F,19,90,70,265,division1
267,268,Rylan Bergersen,Eastern Wash.,Sr.,6-6,G,19,83,85,264,division1
268,269,Josh Caldwell,Army West Point,Sr.,6-2,G,21,110,33,264,division1
269,270,Hunter Dickinson,Michigan,So.,7-1,C,16,114,27,264,division1
270,271,Najee Garvin,Hampton,Sr.,6-8,F,17,95,67,264,division1
271,272,Andre Kelly,California,Sr.,6-9,F,19,113,36,264,division1
272,273,Donovan Williams,UNLV,Jr.,6-6,F,19,93,54,264,division1
273,274,Payton Willis,Minnesota,Sr.,6-4,G,16,99,24,264,division1
274,275,Damaria Franklin,UIC,Sr.,6-4,G,15,104,31,263,division1
275,276,Evan Gilyard II,Kansas City,Sr.,5-10,G,19,87,50,263,division1
276,277,Darian Adams,Jacksonville St.,Sr.,6-3,G,18,84,64,262,division1
277,278,Luka Barisic,Western Ill.,Sr.,6-10,F,20,102,26,262,division1
278,279,Aljami Durham,Providence,Sr.,6-4,G,19,66,112,262,division1
279,280,Shamar Givance,Evansville,Sr.,5-10,G,19,92,54,262,division1
280,281,Justice Hill,Murray St.,So.,6-0,G,20,92,36,262,division1
281,282,Jason Roche,The Citadel,Fr.,6-5,F,19,81,28,262,division1
282,283,Fatts Russell,Maryland,Sr.,5-10,G,20,87,69,262,division1
283,284,D Maurian Williams,Gardner-Webb,So.,6-5,G,19,87,43,262,division1
284,285,Damian Dunn,Temple,Fr.,6-5,G,17,82,77,261,division1
285,286,Joseph Girard III,Syracuse,Jr.,6-1,G,20,81,46,261,division1
286,287,Walker Miller,Monmouth,Sr.,6-10,F,18,97,56,261,division1
287,288,Ethan Wright,Princeton,Sr.,6-2,G,18,97,23,261,division1
288,289,Alijah Martin,Fla. Atlantic,Fr.,6-0,G,19,90,34,260,division1
289,290,Ricardo Wright,Marist,So.,6-4,G,18,96,28,260,division1
290,291,Noah Carter,UNI,Jr.,6-6,F,19,92,48,259,division1
291,292,Kyler Edwards,Houston,Sr.,6-4,G,18,85,37,259,division1
292,293,Demetric Horton,N.C. A T,Jr.,6-5,G,21,99,17,259,division1
293,294,Quenton Jackson,Texas A M,Sr.,6-5,G,20,88,59,259,division1
294,295,Ben Krikke,Valparaiso,Jr.,6-9,F,18,105,46,259,division1
295,296,Marques Warrick,Northern Ky.,So.,6-2,G,18,88,46,259,division1
296,297,TyTy Washington Jr.,Kentucky,Fr.,6-3,G,19,106,24,259,division1
297,298,Matt Bradley,San Diego St.,Sr.,6-4,G,16,93,51,258,division1
298,299,Jason Carter,Ohio,Sr.,6-8,F,18,103,39,258,division1
299,300,John Knight III,Southern Utah,Sr.,6-2,G,17,95,68,258,division1
300,301,Josiah Strong,Illinois St.,Sr.,6-2,G,21,90,19,258,division1
301,302,Keondre Kennedy,UMBC,Sr.,6-6,G,18,100,28,257,division1
302,303,Mekhi Lairy,Miami (OH),Sr.,5-8,G,18,90,45,257,division1
303,304,Jawaun Newton,Evansville,Sr.,6-3,G,19,94,42,257,division1
304,305,Isaiah Stevens,Colorado St.,Jr.,6-0,G,17,93,47,257,division1
305,306,Michael Akuchie,Youngstown St.,Sr.,6-8,F,20,88,68,256,division1
306,307,Kobe Brown,Missouri,Jr.,6-7,F,19,93,61,256,division1
307,308,Noah Fernandes,Massachusetts,Jr.,5-11,G,16,88,50,256,division1
308,309,Posh Alexander,St. John s (NY),So.,6-0,G,17,95,54,255,division1
309,310,Brady Manek,North Carolina,Sr.,6-9,F,20,95,25,255,division1
310,311,Caleb Mills,Florida St.,So.,6-3,G,19,93,46,255,division1
311,312,Brandon Betson,Chicago St.,Jr.,6-1,G,19,92,29,254,division1
312,313,Gabe Brown,Michigan St.,Sr.,6-7,F,19,84,45,254,division1
313,314,Jahlil Jenkins,Stony Brook,Sr.,6-0,G,18,93,33,254,division1
314,315,Tevin Olison,Youngstown St.,Sr.,6-4,G,20,88,38,254,division1
315,316,Ali Ali,Akron,So.,6-6,F,18,87,54,253,division1
316,317,Jubrile Belo,Montana St.,Sr.,6-9,F,19,83,85,253,division1
317,318,Jeremiah Davenport,Cincinnati,Jr.,6-7,G,19,86,30,253,division1
318,319,Wendell Green Jr.,Auburn,So.,5-11,G,20,82,51,253,division1
319,320,Tajion Jones,UNC Asheville,Sr.,6-5,G,19,84,36,253,division1
320,321,Nendah Tarke,Coppin St.,So.,6-4,G,19,87,55,253,division1
321,322,Nate Watson,Providence,Sr.,6-10,C,19,107,39,253,division1
322,323,Shawn Williams,Ark.-Pine Bluff,Sr.,6-1,G,18,83,39,252,division1
323,324,Josh Bannan,Montana,So.,6-9,F,19,94,45,251,division1
324,325,Aaron Clarke,Sacred Heart,Sr.,6-0,G,15,78,70,251,division1
325,326,Joe French,Bethune-Cookman,Jr.,6-5,G,17,87,37,251,division1
326,327,Ryan Allen,Delaware,Sr.,6-2,G,19,88,28,250,division1
327,328,Braelen Bridges,Georgia,Sr.,6-11,F,20,97,56,250,division1
328,329,LJ Cryer,Baylor,So.,6-1,G,18,86,28,250,division1
329,330,Darious Hall,Central Ark.,Jr.,6-7,F,18,98,42,250,division1
330,331,Charlie Moore,Miami (FL),Sr.,5-11,G,20,92,31,250,division1
331,332,Vado Morse,James Madison,Jr.,6-0,G,17,77,56,250,division1
332,333,Jalen Ray,Hofstra,Sr.,6-2,G,17,79,37,250,division1
333,334,Donta Scott,Maryland,Jr.,6-7,F,20,92,41,250,division1
334,335,Jahmyl Telfort,Northeastern,So.,6-7,G,19,94,41,250,division1
335,336,Azuolas Tubelis,Arizona,So.,6-11,F,17,98,48,250,division1
336,337,Marcus Watson,N.C. A T,Fr.,6-6,G,21,88,51,250,division1
337,338,Moses Wood,Portland,So.,6-8,F,18,78,60,250,division1
338,339,Darius Burford,Elon,So.,6-0,G,20,102,27,249,division1
339,340,Bryce Fowler,Sacramento St.,Sr.,6-6,G,15,96,46,249,division1
340,341,Jordan Gainey,USC Upstate,Fr.,6-4,G,19,84,38,249,division1
341,342,Tanner Groves,Oklahoma,Sr.,6-10,F,19,99,29,249,division1
342,343,Jordan Johnson,Denver,So.,6-1,G,22,76,64,249,division1
343,344,Rich Kelly,Massachusetts,Sr.,6-1,G,19,78,47,249,division1
344,345,Carlos Marshall Jr.,Tennessee St.,Sr.,6-6,G,19,86,39,249,division1
345,346,Dylan O Hearn,NJIT,Sr.,6-3,G,18,76,54,249,division1
346,347,Xander Rice,Bucknell,Jr.,6-3,G,21,77,69,249,division1
347,348,Rudi Williams,Coastal Carolina,Sr.,6-3,G,19,91,44,249,division1
348,349,Jamal Bieniemy,UTEP,Jr.,6-4,G,17,90,28,248,division1
349,350,Xavier Bishop,Montana St.,Sr.,5-8,G,19,82,59,248,division1
350,351,Darius Days,LSU,Sr.,6-6,F,19,92,24,248,division1
351,352,Umoja Gibson,Oklahoma,Sr.,6-1,G,20,77,44,248,division1
352,353,Jacob Gilyard,Richmond,Sr.,5-9,G,20,77,50,248,division1
353,354,Caleb Hunter,Mississippi Val.,So.,5-10,G,18,88,27,248,division1
354,355,Jalen Johnson,Alabama A M,Jr.,6-7,F,17,98,51,248,division1
355,356,Cole Swider,Syracuse,Sr.,6-9,F,20,84,39,248,division1
0,1,Tray Buchanan,Emporia St.,Sr.,6-1,G,19,152,150,522,division2
1,2,Trevor Hudgins,Northwest Mo. St.,Jr.,6-0,G,19,151,80,480,division2
2,3,Romeo Crouch,Embry-Riddle (FL),Sr.,6-3,G,20,137,71,407,division2
3,4,Malik Parker,Albany St. (GA),Sr.,6-0,G,20,143,49,403,division2
4,5,Andrew Sischo,Daemen,Sr.,6-9,C,18,162,73,401,division2
5,6,Jaizec Lottie,Flagler,Sr.,6-2,G,18,142,83,398,division2
6,7,Jaedon Willis,Notre Dame (OH),Jr.,6-0,G,19,131,73,397,division2
7,8,Isaiah Sanders,Fairmont St.,Sr.,6-5,G,18,137,81,394,division2
8,9,John Williams,Glenville St.,Sr.,6-4,G,16,139,72,388,division2
9,10,Ronnie Silva,Adelphi,Sr.,5-9,G,19,129,51,387,division2
10,11,Matthew Wilson,Ark.-Fort Smith,Sr.,6-2,G,19,138,48,387,division2
11,12,Pat Robinson,West Liberty,Jr.,6-3,G,19,142,76,386,division2
12,13,Sam Rolle IV,Davis Elkins,So.,5-11,G,18,132,76,382,division2
13,14,Joel Scott,Black Hills St.,Jr.,6-7,F,16,144,72,380,division2
14,15,Jayden Hibbitt,West Va. Wesleyan,So.,6-6,F,19,162,44,379,division2
15,16,Sekou Sylla,Nova Southeastern,Jr.,6-5,F,17,165,48,379,division2
16,17,Patrick Cartier,Hillsdale,Jr.,6-8,F,17,147,72,377,division2
17,18,Hutton Yenor,Rollins,Sr.,6-4,G,19,143,60,371,division2
18,19,Kyle Marion,Rollins,Jr.,6-1,G,20,128,61,369,division2
19,20,Alijah Comithier,UC-Colo. Springs,So.,6-5,G,18,131,91,367,division2
20,21,Philip Alston,Cal U (PA),Jr.,6-6,F,17,149,60,366,division2
21,22,Julien Smith,Missouri S T,So.,6-2,G,18,120,62,366,division2
22,23,Dhashon Dyson,Saint Augustine s,So.,6-1,G,17,128,72,365,division2
23,24,Zahrion Blue,Lincoln (PA),Sr.,6-3,G,19,135,63,364,division2
24,25,Anthony Roberts,St. Cloud St.,Jr.,6-4,G,18,133,71,362,division2
25,26,Jarren Cottingham,Wingate,Sr.,6-1,G,20,126,74,361,division2
26,27,Armoni Foster,Indiana (PA),Jr.,6-4,G,18,125,77,358,division2
27,28,Austin Andrews,Minn. Duluth,So.,6-6,F,19,157,43,357,division2
28,29,Tyree Boykin,Union (TN),Sr.,6-0,G,19,119,59,353,division2
29,30,Matthew Ragsdale,Western Colo.,So.,6-4,G,15,123,65,353,division2
30,31,Glen Abram,West Virginia St.,Sr.,6-2,G,19,111,73,350,division2
31,32,Max Jones,Tampa,Fr.,6-5,G,16,115,90,349,division2
32,33,Wayne Arnold,CUI,Jr.,6-4,G,15,118,60,348,division2
33,34,Joe Smoldt,Upper Iowa,Sr.,6-0,G,20,119,49,348,division2
34,35,Isaiah Wade,Central Okla.,Sr.,6-7,F,18,134,67,348,division2
35,36,Burke Putnam,Okla. Baptist,Sr.,6-3,G,17,132,66,347,division2
36,37,Fonz Hale,Salem (WV),Sr.,5-11,G,16,122,49,345,division2
37,38,Drew Blair,Minn. Duluth,Jr.,6-5,G,19,113,75,343,division2
38,39,Walt Kelser,Ferris St.,Sr.,6-0,G,17,125,52,343,division2
39,40,Jumah Ri Turner,Emporia St.,Sr.,6-2,G,18,122,61,340,division2
40,41,Ross Williams,Colo. Christian,Sr.,5-10,G,17,107,68,339,division2
41,42,Erik Timko,Jefferson,Fr.,6-4,G,16,104,87,336,division2
42,43,MiyKah McIntosh,Mercyhurst,Sr.,5-11,G,20,121,39,334,division2
43,44,Jamari Smith,Queens (NC),So.,6-8,F,20,120,72,334,division2
44,45,Jordan Reid,Wheeling,Sr.,6-1,G,17,118,94,331,division2
45,46,Justice Smith,Mansfield,Fr.,6-3,F,19,120,76,329,division2
46,47,Bryce Butler,West Liberty,So.,6-5,G,19,139,36,328,division2
47,48,Jordan Belka,Northern St.,Sr.,6-7,F,22,125,42,327,division2
48,49,CJ Penha,Trevecca Nazarene,Sr.,6-7,F,16,121,57,324,division2
49,50,Tray Croft,Wis.-Parkside,Sr.,6-1,G,17,111,56,323,division2
50,51,Jacoby Ross,Lindenwood (MO),Sr.,5-10,G,17,117,53,322,division2
51,52,Kortrijk Miles,West Ala.,Jr.,6-5,G,16,105,107,321,division2
52,53,Elijah Ormiston,Concordia-St. Paul,Fr.,6-8,F,20,133,50,321,division2
53,54,Isaiah Hart,AUM,Sr.,5-11,G,18,119,62,320,division2
54,55,Jake Hilmer,Upper Iowa,Jr.,5-10,G,20,108,84,320,division2
55,56,Caleb Robinson,Catawba,So.,6-5,G,16,114,80,320,division2
56,57,Braxton Bertolette,Montevallo,Jr.,6-3,G,21,115,37,317,division2
57,58,Jacksen Moni,Northern St.,Fr.,6-10,F,22,110,48,317,division2
58,59,Daniel Sofield,West Florida,So.,6-6,G,19,117,34,317,division2
59,60,Divant e Moffitt,Seattle Pacific,Sr.,6-2,G,18,111,80,316,division2
60,61,Jelani Watson-Gayle,Fresno Pacific,Sr.,6-1,G,16,110,48,316,division2
61,62,Nazim Derry,Goldey-Beacom,So.,6-2,G,17,108,40,314,division2
62,63,Clint Wright Jr.,Georgian Court,So.,6-2,G,18,101,53,314,division2
63,64,Daniel Venzant,St. Edward s,Sr.,5-9,G,18,100,85,313,division2
64,65,Luke Burnett,Alabama Huntsville,Fr.,6-2,G,20,101,35,312,division2
65,66,Chaney Johnson,Alabama Huntsville,Fr.,6-7,G,19,122,44,311,division2
66,67,Jalen Seegars,Fayetteville St.,Sr.,6-5,G,17,115,36,310,division2
67,68,John Paul Kromka,Pitt.-Johnstown,Jr.,6-7,F,18,128,51,309,division2
68,69,Emeka Obukwelu,Northeastern St.,Sr.,6-8,F,18,126,54,309,division2
69,70,Anthony Pittman,West Virginia St.,So.,6-5,F,19,96,95,309,division2
70,71,Matt Cartwright,Sioux Falls,Sr.,6-4,G,15,111,39,308,division2
71,72,Deontae Robertson,Edinboro,Sr.,6-3,G,16,120,41,308,division2
72,73,Alan Treakle,Mount Olive,Sr.,5-10,G,19,89,90,308,division2
73,74,Caleb Donaldson,St. Cloud St.,Jr.,6-3,G,18,112,77,307,division2
74,75,Frank Champion,North Georgia,So.,-,F,18,120,65,305,division2
75,76,Ethan Porterfield,Indiana (PA),So.,6-8,F,18,118,29,305,division2
76,77,Anthony Cooper,Caldwell,Jr.,6-2,G,15,107,68,304,division2
77,78,Parker Dortch,Anderson (SC),Sr.,6-7,F,20,113,70,304,division2
78,79,Crosby James,Anderson (SC),Jr.,6-0,G,18,96,71,304,division2
79,80,JaQuaylon Mays,Missouri Western,Sr.,6-2,G,16,111,51,304,division2
80,81,Devin Pullum,Rogers St.,Sr.,6-2,G,19,107,58,304,division2
81,82,Jarett Haines,Wheeling,Sr.,5-10,G,17,121,28,303,division2
82,83,Devin Booker,Tuskegee,Jr.,6-4,G,19,107,56,302,division2
83,84,Edward Gray,Holy Names,Jr.,6-4,G,17,101,67,302,division2
84,85,Elijah Jenkins,Embry-Riddle (FL),Sr.,6-3,G,20,98,40,301,division2
85,86,Christian Cook,Northeastern St.,So.,6-2,G,18,109,44,300,division2
86,87,Jordan Thomas,Georgia College,Sr.,-,G,18,100,45,300,division2
87,88,CJ Williamson,Alabama Huntsville,Jr.,6-5,G,20,114,67,300,division2
88,89,Kai Huntsberry,Mary,Jr.,6-1,G,16,110,52,299,division2
89,90,Brandon Knapper,Cal St. San B dino,Jr.,6-0,G,14,100,51,299,division2
90,91,Fred Mulbah,Pitt.-Johnstown,Jr.,5-9,G,18,113,65,299,division2
91,92,Patrick Gardner,Saint Michael s,Sr.,6-10,F,15,108,56,298,division2
92,93,Sam Masten,Northern St.,Jr.,6-3,G,19,108,62,298,division2
93,94,Chris Paul,St. Anselm,Sr.,6-7,F,15,109,78,298,division2
94,95,Jordan Simpson,Albany St. (GA),Sr.,6-9,F,20,123,52,298,division2
95,96,Aniwaniwa Tait-Jones,Hawaii Hilo,Fr.,6-6,F,16,109,76,298,division2
96,97,Jett Sternberger,Southeastern Okla.,So.,6-2,G,16,99,51,296,division2
97,98,Riley Farris,Fort Lewis,Sr.,6-9,F,15,104,63,295,division2
98,99,Jordan Guest,Lincoln Memorial,Jr.,6-9,F,18,102,50,295,division2
99,100,Alec Rosner,Winona St.,Jr.,6-3,G,17,106,45,295,division2
100,101,David Simental,Neb.-Kearney,Jr.,6-2,G,18,98,61,295,division2
101,102,Kenny Dye,Queens (NC),Jr.,6-0,G,20,91,78,294,division2
102,103,Kelvin Jones,Emmanuel (GA),So.,6-6,G,14,82,122,294,division2
103,104,Trenton Gibson,Tusculum,Sr.,6-4,G,15,93,77,293,division2
104,105,Langston Gaither,Columbus St.,Jr.,6-4,F,16,91,79,292,division2
105,106,Devonte McCall,Post,Sr.,6-5,F,16,109,47,291,division2
106,107,Deondre Bourne,Jefferson,Jr.,6-5,G,15,81,88,289,division2
107,108,Brian Dawson,Regis (CO),Sr.,6-1,G,16,105,46,289,division2
108,109,Malek Adams,Lake Superior St.,Sr.,6-2,G,15,100,47,288,division2
109,110,Parker Hicks,Lubbock Christian,Sr.,6-6,F,17,106,47,288,division2
110,111,Bo Myers,Malone,Jr.,6-4,F,17,104,34,288,division2
111,112,Larry Wise,West Tex. A M,So.,6-4,G,19,99,55,288,division2
112,113,Jordan Ratliffe,UNC Pembroke,Sr.,5-10,G,18,101,50,287,division2
113,114,Stan Scott,Mo. Southern St.,Sr.,6-3,G,17,105,62,287,division2
114,115,Zach Toussaint,West Tex. A M,So.,5-11,G,19,92,56,287,division2
115,116,Lian Ramiro,CSU Pueblo,Fr.,6-0,G,18,94,56,286,division2
116,117,RJ Sunahara,Nova Southeastern,So.,6-8,F,15,104,75,286,division2
117,118,Tobias Howard Jr.,Salem (WV),Sr.,6-2,G,16,109,20,285,division2
118,119,Christian Peevy,Lynn,Sr.,6-7,G,15,97,82,285,division2
119,120,Brent Pegram,Cal U (PA),Sr.,5-11,G,16,91,71,285,division2
120,121,Chris Rossow,Biola,Sr.,5-9,G,16,102,55,285,division2
121,122,Gerald Jarmon,Clarion,So.,6-0,G,16,105,46,284,division2
122,123,Jordan Roland,Ky. Wesleyan,Jr.,6-0,G,20,110,25,284,division2
123,124,Cole VonHandorf,Fairmont St.,Sr.,6-2,G,18,105,53,284,division2
124,125,Romelo Burrell,Lindenwood (MO),Sr.,6-7,F,17,73,124,282,division2
125,126,Rashon Johnson,Shippensburg,Jr.,6-5,G,18,103,60,282,division2
126,127,Isayas Aris,Nyack,Sr.,6-5,F,14,116,48,281,division2
127,128,Tehree Horn,USC Aiken,So.,6-3,G,16,109,27,281,division2
128,129,David Strother,USC Aiken,Sr.,6-2,G,18,99,57,281,division2
129,130,Isaac Fink,Augustana (SD),Jr.,6-4,G,17,96,49,280,division2
130,131,Jordan Horn,Tex. Permian Basin,Jr.,6-2,G,18,102,30,280,division2
131,132,Marty Jackson,Mo.-St. Louis,Sr.,6-6,F,16,117,40,280,division2
132,133,Sigurd Lorange,Converse,So.,5-11,G,18,94,45,280,division2
133,134,Delano Smith,Saginaw Valley,Sr.,6-4,G,17,99,58,280,division2
134,135,Justin Davis,Felician,Jr.,6-4,G,14,113,29,279,division2
135,136,Spencer Levi,UNC Pembroke,Sr.,6-7,F,18,121,36,279,division2
136,137,Breland Walton,Davis Elkins,Sr.,6-5,F,17,103,55,279,division2
137,138,Jaden Wells,Central Okla.,So.,6-1,G,19,86,44,279,division2
138,139,Jermane Carter,Midwestern St.,Sr.,6-7,F,18,100,64,278,division2
139,140,Kenyon Stone,Dist. Columbia,Jr.,6-5,G,17,111,44,278,division2
140,141,Justin Anderson,Bloomsburg,Jr.,6-3,G,15,110,36,277,division2
141,142,Chris Martin,Clark Atlanta,Jr.,6-2,G,14,84,93,277,division2
142,143,Shane O Dell,Saint Rose,Fr.,6-6,G,14,109,54,277,division2
143,144,Jacolbey Owens,Valdosta St.,Jr.,6-6,G,18,99,61,277,division2
144,145,Tyler Riemersma,Augustana (SD),Sr.,6-8,F,16,117,42,277,division2
145,146,Malik Hardmon,Quincy,Jr.,6-6,F,18,106,62,276,division2
146,147,Nick Volz,Rockhurst,Sr.,6-8,F,18,114,48,276,division2
147,148,Justin Eagins,Wayne St. (NE),Fr.,6-2,G,17,103,32,275,division2
148,149,Donaven Hairston,Barton,So.,6-2,G,16,98,53,275,division2
149,150,Devante Brooks,Southern Ark.,Sr.,6-6,F,16,109,56,274,division2
150,151,CJ Jennings,Chadron St.,Sr.,6-1,G,19,92,54,274,division2
151,152,Jake Van Tubbergen,Grand Valley St.,Sr.,6-8,F,16,97,69,274,division2
152,153,Osbel Caraballo,St. Thomas Aquinas,Sr.,6-5,F,18,121,26,273,division2
153,154,Jordan Janssen,Wayne St. (NE),Jr.,6-7,F,17,114,45,273,division2
154,155,Brevin Walter,South Dakota Mines,Fr.,6-4,G,18,81,78,273,division2
155,156,Joshua Brown,Minn. Duluth,So.,6-4,G,19,94,45,272,division2
156,157,Trevor Baskin,Colorado Mesa,Fr.,6-8,F,21,110,41,271,division2
157,158,Jalen Burgess,Dominican (NY),Sr.,6-4,F,14,103,31,271,division2
158,159,Uche Dibiamaka,St. Edward s,Jr.,6-4,G,18,104,37,271,division2
159,160,Cam Givens,Central Okla.,Sr.,6-6,G,18,97,53,271,division2
160,161,Quincy Anderson,Minnesota St.,So.,6-4,G,16,91,58,270,division2
161,162,Tyshaun Crawford,Augusta,Jr.,7-1,C,18,100,70,270,division2
162,163,GianFranco Grafals,Eckerd,Jr.,6-5,F,13,96,53,269,division2
163,164,Branden Maughmer,Cedarville,Sr.,6-3,G,15,93,58,269,division2
164,165,Michael Mays,King (TN),Sr.,5-10,G,17,97,31,269,division2
165,166,Owen White,Michigan Tech,Sr.,6-6,G,16,101,40,269,division2
166,167,Bryce Butler,Malone,Sr.,5-10,G,15,103,50,267,division2
167,168,Zyon Dobbs,Fairmont St.,Jr.,6-4,G,18,95,51,267,division2
168,169,Jaden Edwards,Cal Poly Humboldt,Jr.,6-4,G,16,106,36,267,division2
169,170,Alex Wright,Biola,Jr.,6-5,G,17,98,41,267,division2
170,171,Seth Brown-Carter,West Ga.,Jr.,6-4,F,18,94,37,266,division2
171,172,Taylor Currie,Harding,So.,6-8,C,15,115,31,265,division2
172,173,Darnell Hoskins Jr.,Saginaw Valley,Sr.,5-11,G,17,75,70,264,division2
173,174,Isaiah Moore,Franklin Pierce,Jr.,5-11,G,11,104,36,264,division2
174,175,Matt Weir,Concord,Sr.,6-0,G,17,86,46,264,division2
175,176,Travis Bianco,Bemidji St.,Sr.,6-5,G,17,94,41,263,division2
176,177,Lloyd Daniels,Lubbock Christian,Sr.,6-4,G,17,96,43,263,division2
177,178,Alejandro Rama,South Dakota Mines,So.,6-1,G,18,97,24,263,division2
178,179,Jareese Williams,Upper Iowa,Sr.,6-2,G,14,80,60,263,division2
179,180,Jeremiah Bozeman,AUM,Sr.,6-3,G,18,83,76,262,division2
180,181,Steve Cannady,Mercyhurst,Sr.,6-1,G,20,99,33,262,division2
181,182,Adam Dworsky,Southeastern Okla.,Sr.,5-11,G,16,97,36,262,division2
182,183,Francis Sio,Saint Leo,Sr.,6-2,G,17,83,48,261,division2
183,184,Ayo Dada,Limestone,Sr.,6-2,G,16,87,45,260,division2
184,185,Kadeim Jones,West Ga.,Sr.,6-2,G,18,85,60,260,division2
185,186,Jared Vitztum,Fort Hays St.,Sr.,6-7,F,17,85,76,260,division2
186,187,Nathan Bruns,Findlay,Jr.,6-7,F,17,105,34,259,division2
187,188,Ta Jay Dunlap,Southern Wesleyan,Jr.,5-10,G,14,85,51,258,division2
188,189,David Jasson,Post,Sr.,6-0,G,17,97,16,258,division2
189,190,Aamer Muhammad,Lubbock Christian,So.,6-0,G,17,95,39,258,division2
190,191,Malik Bryant,Barton,So.,6-3,G,14,93,64,257,division2
191,192,Lual Rahama,Concord,Sr.,6-5,F,17,107,23,257,division2
192,193,Randy Rickards,Wilmington (DE),Jr.,6-7,G,19,101,54,257,division2
193,194,Jalen Shaw,Clayton St.,Jr.,6-10,C,18,97,63,257,division2
194,195,James Sullivan,Millersville,Sr.,6-3,G,19,91,43,257,division2
195,196,Wyatt Battaile,Ky. Wesleyan,Sr.,6-4,G,20,97,20,256,division2
196,197,Tyrell Kirk,UNC Pembroke,Sr.,6-4,G,18,100,28,256,division2
197,198,Airen Brooks,Delta St.,Sr.,6-6,G,17,84,41,255,division2
198,199,Jaden Faulkner,Millersville,Jr.,6-4,G,19,87,69,255,division2
199,200,Connor Ferrell,Clarion,Sr.,6-4,G,16,93,44,255,division2
200,201,Dontevius Tatum,Ga. Southwestern,Sr.,6-2,G,16,87,64,255,division2
201,202,Desmond Carpenter,N.M. Highlands,Sr.,6-2,G,17,97,29,254,division2
202,203,Carl Cleveland,Young Harris,Fr.,6-6,F,17,92,44,254,division2
203,204,DaJuan Jones,Tex. Permian Basin,Sr.,6-0,G,18,86,65,254,division2
204,205,Kadyn Dawkins,Mars Hill,Fr.,5-9,G,16,85,52,253,division2
205,206,Andres Fulgencio,Bloomfield,So.,6-2,G,18,92,29,253,division2
206,207,Jake Kakar,Barry,Sr.,6-3,G,17,91,29,253,division2
207,208,Hunter Preston,Columbus St.,Sr.,6-7,F,18,98,35,253,division2
208,209,Shaw Anderson,Seattle Pacific,Jr.,6-6,F,18,96,26,252,division2
209,210,Cameron Cranston,Western Ore.,Sr.,6-6,G,13,91,29,252,division2
210,211,Carrington Wiggins,Mont. St. Billings,Jr.,6-2,G,15,89,47,252,division2
211,212,Isaac Amaral-Artharee,Chaminade,So.,6-2,G,18,90,34,251,division2
212,213,Eric Esposito,Holy Family,Jr.,6-7,F,21,95,30,251,division2
213,214,Malcolm Moye,Bridgeport,Jr.,6-5,F,18,95,45,251,division2
214,215,Mason Webb,Bentley,Sr.,6-4,G,16,92,30,251,division2
215,216,Kenny Byers,Southwest Minn. St.,Sr.,6-4,G,17,95,56,250,division2
216,217,Manny Toha,Holy Family,Fr.,6-2,G,21,86,58,250,division2
217,218,Karl Chavis,Young Harris,Fr.,6-6,F,16,78,81,249,division2
218,219,Tim Dawson,Bridgeport,So.,6-1,G,18,90,45,249,division2
219,220,Kaleb Hammeke,Fort Hays St.,So.,6-0,G,17,88,43,249,division2
220,221,Trevion Lamar,Catawba,Sr.,6-5,G,18,85,54,249,division2
221,222,Donald McHenry,Hawaii Hilo,Fr.,6-1,G,16,94,42,249,division2
222,223,Shadeed Shabazz,Alas. Fairbanks,Sr.,6-1,G,12,83,61,249,division2
223,224,Alek West,Ohio Dominican,Jr.,6-4,G,17,91,38,249,division2
224,225,Troy Cracknell,Augusta,Sr.,6-4,G,18,84,43,248,division2
225,226,Daniel Love,Eckerd,Jr.,6-3,G,15,89,46,248,division2
226,227,Brock Mackenzie,Point Loma,Sr.,6-2,G,18,85,44,248,division2
227,228,Jordan Mello-Klein,Bentley,Sr.,6-1,G,16,92,21,248,division2
228,229,Jeremiah Moore,West Virginia St.,Sr.,6-6,F,19,99,48,248,division2
229,230,Jake Phipps,Southwest Minn. St.,So.,6-9,C,17,102,27,248,division2
230,231,Larry White,Northwestern Okla.,So.,6-5,F,17,102,38,248,division2
231,232,Nick Anderson,Barry,Fr.,6-3,G,17,81,28,247,division2
232,233,Mekell Burries,Lincoln Memorial,So.,6-2,G,18,85,33,247,division2
233,234,Ben Gahlert,Limestone,Jr.,6-8,F,17,87,53,247,division2
234,235,Zach Laput,Bentley,So.,6-4,G,16,88,53,247,division2
235,236,James McNeil,Montevallo,Jr.,6-0,G,20,89,44,247,division2
236,237,Darrian Nebeker,Neb.-Kearney,Sr.,6-5,F,18,106,25,247,division2
237,238,Melvin Newbern,Minot St.,Sr.,6-5,F,16,93,54,247,division2
238,239,Andrew Sims,Stonehill,Sr.,6-6,F,16,88,64,247,division2
239,240,Zyan Collins,Cal U (PA),Sr.,6-4,G,15,98,30,246,division2
240,241,Callen Haydon,Central Okla.,Sr.,6-1,G,18,87,48,246,division2
241,242,Bryan Powell,Pace,Jr.,6-6,F,15,101,26,246,division2
242,243,Robert Smith,West Chester,Fr.,6-1,G,16,88,29,246,division2
243,244,Marcus Brown,N.M. Highlands,Sr.,6-4,G,17,74,77,245,division2
244,245,Sean Elmore,Wingate,So.,6-2,G,20,83,20,245,division2
245,246,Marcus Jefferson,Chadron St.,Sr.,6-0,G,19,82,52,245,division2
246,247,Matthew Kelly,Assumption,Sr.,5-10,G,13,90,24,245,division2
247,248,Khari Williams,Millersville,Sr.,6-4,F,19,71,69,245,division2
248,249,Frankie Hughes,Slippery Rock,Sr.,6-4,G,15,85,31,244,division2
249,250,Jalen Lewis,Washburn,Jr.,5-11,G,19,87,30,244,division2
250,251,Carlos Pepin,East Stroudsburg,Jr.,6-7,F,16,89,56,244,division2
0,1,Ryan Turell,Yeshiva,Sr.,6-7,G,16,177,61,467,division3
1,2,Matt Helwig,North Central (IL),Sr.,6-2,G,17,154,104,453,division3
2,3,Josh Gregory,SUNY Poly,Sr.,6-8,F,19,154,85,434,division3
3,4,Lyle Tipton,Geneva,Jr.,6-3,F,16,153,89,423,division3
4,5,Nyameye Adom,Wheaton (IL),Sr.,6-1,G,19,143,77,404,division3
5,6,Mason Wang,Hood,Sr.,5-11,G,17,130,73,391,division3
6,7,Alex Carlisle,Wheaton (MA),Jr.,6-0,G,15,145,80,390,division3
7,8,Brad Sendell,Lawrence,Jr.,6-0,G,17,130,88,386,division3
8,9,Shion Darby,Rhode Island Col.,Jr.,6-0,G,17,146,67,384,division3
9,10,Miles Gillette,Rivier,Sr.,6-5,F,17,140,80,381,division3
10,11,Jalen Vaughns,Neumann,So.,6-7,F,17,162,56,380,division3
11,12,Jordan Johnson,Concordia Wisconsin,Sr.,6-5,G,18,140,72,379,division3
12,13,Keyshaun Jacobs,Rhode Island Col.,Sr.,5-10,G,17,117,72,378,division3
13,14,Maurice Knight,Anderson (IN),Sr.,6-4,F,18,130,91,376,division3
14,15,Jack Davidson,Wabash,Sr.,6-1,G,16,114,86,371,division3
15,16,Nathan Schneider,Pitt.-Bradford,Jr.,6-3,G,18,138,79,371,division3
16,17,Matt Popeck,Waynesburg,Sr.,5-10,G,17,128,62,369,division3
17,18,Noah Alm,Northwestern-St. Paul,Sr.,6-3,G,18,139,40,368,division3
18,19,Nicholas Curtis,St. Joseph s (ME),Sr.,5-10,G,18,123,49,368,division3
19,20,Josiah Johnson,Mary Hardin-Baylor,Jr.,6-1,G,14,119,84,364,division3
20,21,Alex Masinelli,Muskingum,Sr.,6-0,G,18,138,61,356,division3
21,22,Jarad Kruse,Coe,Sr.,6-5,F,19,134,60,355,division3
22,23,Kasey Draper,Roanoke,Jr.,6-4,G,17,133,69,353,division3
23,24,Isaiah Archie,Pitt.-Bradford,Fr.,6-0,C,16,128,90,351,division3
24,25,Joe Palmer,Augsburg,Jr.,6-4,G,16,130,53,349,division3
25,26,Nick Bowman,Trine,Sr.,6-1,G,18,116,104,347,division3
26,27,Jaylen Williams,Shenandoah,Jr.,6-0,G,16,130,62,346,division3
27,28,Lovell Williams,Wis.-Stout,So.,6-2,G,18,125,50,344,division3
28,29,Tyson Cruickshank,Wheaton (IL),Sr.,5-11,G,19,121,56,343,division3
29,30,Ethan Anderson,Wis.-La Crosse,Sr.,6-4,G,18,135,50,342,division3
30,31,Levi Borchert,Wis.-Oshkosh,Jr.,6-5,F,18,139,63,342,division3
31,32,Griffin Foley,St. Joseph s (ME),Sr.,6-2,G,18,133,33,339,division3
32,33,Patrick Simms,Grinnell,Sr.,6-2,G,17,104,99,339,division3
33,34,Jamal Allen,New England Col.,Sr.,5-11,G,15,101,90,338,division3
34,35,Jack Nolan,WashU,Sr.,6-1,G,15,119,50,337,division3
35,36,Dimetri Chambers,Oglethorpe,Sr.,5-11,G,15,119,54,336,division3
36,37,Alex Kravchuk,U New England,Sr.,6-0,G,15,112,78,335,division3
37,38,Mikey Spencer,Salve Regina,Sr.,6-5,F,17,118,63,334,division3
38,39,DJ Campbell,Stockton,Jr.,6-3,G,18,114,52,332,division3
39,40,Derek Gray,Wis.-Whitewater,So.,6-0,G,18,124,49,332,division3
40,41,Andrew Eberhardt,LeTourneau,Sr.,6-3,G,16,112,51,331,division3
41,42,Isaiah Geathers,Lehman,Sr.,6-3,F,13,129,36,331,division3
42,43,Jordan Shewbridge,Lancaster Bible,Sr.,6-0,G,16,115,53,331,division3
43,44,Sean Bryan,Salem St.,Sr.,6-2,G,17,110,84,329,division3
44,45,Michael Demers,Buena Vista,Sr.,6-4,G,19,113,60,327,division3
45,46,Gian Batista,Lehman,Sr.,6-4,F,15,110,94,326,division3
46,47,Jack Anderson,Keystone,Fr.,6-4,G,17,124,21,324,division3
47,48,EJ Day,Lasell,Sr.,5-10,G,16,116,51,324,division3
48,49,Noah Hanson,UW-River Falls,Sr.,6-3,G,17,105,60,324,division3
49,50,Damon McDowell,N.C. Wesleyan,Sr.,6-4,G,15,119,37,324,division3
50,51,Marcellus Ross,Rowan,So.,6-3,G,19,107,53,324,division3
51,52,Jojo France,Pitt.-Greensburg,Sr.,5-11,G,18,99,82,322,division3
52,53,Alex Sobel,Middlebury,Jr.,6-8,F,17,133,54,322,division3
53,54,Sean Espinosa,Lake Forest,Sr.,6-1,G,17,122,58,321,division3
54,55,Christian Parker,Mount Union,So.,6-6,G,17,126,62,321,division3
55,56,Jake Schroeckenthaler,Edgewood,Sr.,6-7,F,16,138,42,320,division3
56,57,Matthew Leritz,Ill. Wesleyan,Sr.,6-6,F,18,125,40,317,division3
57,58,Charles Mitchell,UMass Boston,Sr.,5-10,G,17,113,49,317,division3
58,59,Christian Stewart,Spalding,Jr.,6-5,F,18,137,43,317,division3
59,60,Chris Mikos,St. Joseph s (Brkln),Sr.,6-5,F,16,122,62,315,division3
60,61,Yassine Sakhi,CCNY,So.,6-2,G,17,117,56,315,division3
61,62,Daniel Cook,St. John Fisher,Jr.,6-5,F,16,116,80,314,division3
62,63,Jason Holman,Marywood,Jr.,6-6,F,17,122,40,314,division3
63,64,Quentin Shields,Wis.-Platteville,Sr.,4-8,G,19,98,89,314,division3
64,65,"Brian Roberts, Jr.",Allegheny,Sr.,5-9,G,13,91,78,313,division3
65,66,Kyran Mitchell,Wash. Jeff.,Jr.,6-3,G,17,116,71,312,division3
66,67,Christian Stewart,Birmingham-So.,Sr.,6-7,F,17,119,72,312,division3
67,68,Nate Hale,Suffolk,Sr.,6-3,F,16,108,51,311,division3
68,69,Jarred Houston,Emerson,Sr.,6-10,C,16,118,73,309,division3
69,70,Collin Jones,Lebanon Valley,Jr.,6-4,F,15,117,64,307,division3
70,71,Jackson Danzig,Scranton,Sr.,6-5,G,16,106,64,306,division3
71,72,Ian Milsteadt,Eureka,Sr.,6-2,G,17,105,64,306,division3
72,73,Mason Johnson,Cal Lutheran,Sr.,6-3,G,15,109,70,305,division3
73,74,Matthew Schner,Emory,Sr.,6-4,G,15,122,27,305,division3
74,75,Zach Falkenburg,NVU-Lyndon,Sr.,6-2,G,14,110,44,304,division3
75,76,Peter Lash,Neb. Wesleyan,So.,6-6,G,18,110,58,303,division3
76,77,Anthony Mazzeo,Baldwin Wallace,Jr.,6-3,G,16,108,44,303,division3
77,78,Caleb Williams,Macalester,So.,6-2,G,17,111,42,302,division3
78,79,David Britton,Marian (WI),Sr.,6-2,G,16,107,27,301,division3
79,80,Trey MInter,Berea,So.,5-10,G,15,105,68,301,division3
80,81,Conner Marchant,Southern Va.,So.,6-0,G,16,101,51,300,division3
81,82,Cade Alioth,Wheaton (IL),Sr.,6-6,F,19,107,65,299,division3
82,83,Grayson Nix,Ozarks (AR),Sr.,6-3,G,16,94,75,299,division3
83,84,Armani Tinsley,Wis.-Stout,Sr.,6-0,G,19,105,40,299,division3
84,85,Brock Voigt,Wis.-Eau Claire,Jr.,6-5,F,20,113,68,299,division3
85,86,Cameron Collins,Salve Regina,Sr.,6-5,F,17,124,48,298,division3
86,87,Zachary  Cummings,Old Westbury,Jr.,6-0,C,15,90,63,298,division3
87,88,Conner Delaney,Johns Hopkins,Sr.,6-0,G,15,94,65,297,division3
88,89,Rowan McGowen,Loras,Sr.,6-4,G,18,103,36,297,division3
89,90,Bruce Saintilus,Clark (MA),So.,6-3,G,18,96,79,297,division3
90,91,Rylan Blondo,SUNY New Paltz,Jr.,5-11,G,16,109,60,296,division3
91,92,Greyson Collins,Greensboro,Sr.,6-1,G,18,93,68,296,division3
92,93,Donte Pope,Emmanuel (MA),So.,6-4,G,16,112,56,296,division3
93,94,Daniel Ritter,Westminster (PA),Sr.,6-4,G,17,99,72,296,division3
94,95,Brendon Hamilton,Westfield St.,Jr.,6-6,F,18,115,65,295,division3
95,96,Jack Clement,Ohio Wesleyan,Jr.,6-0,F,16,116,35,294,division3
96,97,Quran Dublin,York (NY),Sr.,6-1,G,13,102,53,294,division3
97,98,Quincy Rutherford,Rutgers-Newark,Sr.,6-3,G,17,101,40,294,division3
98,99,Sam Stevens,Middlebury,Fr.,6-5,G,16,91,68,294,division3
99,100,Jahn Hines,Chris. Newport,So.,6-3,F,20,109,62,293,division3
100,101,Jackson Sartain,John Carroll,Sr.,6-0,G,15,107,24,293,division3
101,102,Seth Stanley,Hendrix,Sr.,6-7,F,16,89,75,292,division3
102,103,Cedric Coward,Willamette,Fr.,6-4,F,16,110,55,290,division3
103,104,Peter Ragen,Dubuque,Sr.,6-4,G,17,97,63,290,division3
104,105,Robert DiSibio,Wash. Lee,So.,6-5,F,15,98,58,289,division3
105,106,Cam Jaeger,Lakeland,So.,6-3,G,16,94,60,289,division3
106,107,RJ Smith,Centre,Sr.,6-5,F,17,105,70,289,division3
107,108,Letrell West,Kean,Jr.,6-2,G,16,88,81,288,division3
108,109,Kevin Nunez,Lasell,Sr.,6-1,G,15,119,39,287,division3
109,110,Norman Wilson,SUNY Delhi,Jr.,6-1,G,18,104,43,287,division3
110,111,Hayden Bird,MCLA,Sr.,6-2,F,15,95,24,286,division3
111,112,Marell Jordan,Defiance,Sr.,6-2,G,15,113,47,286,division3
112,113,Evan Thomas,Hope,Jr.,6-4,F,16,88,98,286,division3
113,114,Calvin Fisher,Millikin,Sr.,6-6,G,17,107,43,285,division3
114,115,Deonte Jackson,LeTourneau,So.,5-9,G,15,96,59,285,division3
115,116,Isaiah Taylor,Clark (MA),Fr.,6-0,G,16,91,65,285,division3
116,117,Billy Veras,Centenary (NJ),Sr.,6-6,F,14,109,33,285,division3
117,118,Nick Gearhart,Wash. Jeff.,So.,6-3,G,17,102,55,284,division3
118,119,Eli Hartjes,Edgewood,Sr.,6-6,F,14,109,65,284,division3
119,120,Domenic Mignone,Wm. Paterson,Sr.,6-0,G,14,103,49,284,division3
120,121,Xavier Reaves,Marymount (VA),Sr.,6-5,G,16,120,28,284,division3
121,122,Fillip Bulatovic,Carthage,Jr.,6-5,G,16,118,39,283,division3
122,123,Colin Kahl,Sewanee,Jr.,6-7,F,15,114,36,283,division3
123,124,Ty Wright,Franklin,So.,6-6,F,17,108,33,283,division3
124,125,Alex Dehoyos,Schreiner,Sr.,6-0,G,18,102,56,282,division3
125,126,Rae quan Funches,Finlandia,So.,6-0,G,20,102,74,282,division3
126,127,Seth Hall,Pacific Lutheran,Sr.,6-3,G,13,98,59,282,division3
127,128,Bernie McGuiness,Eastern Nazarene,So.,6-3,G,15,99,51,282,division3
128,129,Luke Morrison,Calvin,Sr.,6-5,G,16,95,55,282,division3
129,130,Drew Olson,Wartburg,Sr.,6-2,G,18,96,71,282,division3
130,131,Tharon Suggs,Lynchburg,Sr.,6-1,G,16,99,43,281,division3
131,132,Micah Filer,North Central (MN),Jr.,6-3,G,16,98,31,280,division3
132,133,Cormac Reilly,Hunter,Jr.,6-1,G,17,103,16,280,division3
133,134,Ryan Hughes,Ursinus,Jr.,6-4,G,15,98,64,279,division3
134,135,Jeffery Mansfield,Wilmington (OH),Sr.,6-2,G,17,92,84,279,division3
135,136,Sam Peek,Wesleyan (CT),Sr.,6-7,G,15,110,35,279,division3
136,137,Nikola Trifunovic,Whitman,Fr.,6-3,G,17,97,37,279,division3
137,138,Jason Ellis,Marietta,Sr.,5-11,G,17,106,32,278,division3
138,139,Connor Pelham,Adrian,Sr.,6-4,F,16,106,43,278,division3
139,140,Kyle Tuma,Wis.-Platteville,Sr.,6-5,F,19,91,74,277,division3
140,141,Denzel Banks,New Jersey City,Sr.,6-2,G,19,101,59,276,division3
141,142,Jamal Cannady Jr.,Bryn Athyn,Fr.,6-1,G,17,88,87,276,division3
142,143,Jameel Cosby,Bluffton,Sr.,6-0,G,15,103,43,276,division3
143,144,Stephon Baxter,Bates,Jr.,5-10,G,13,104,41,275,division3
144,145,Rodney Graves,Medaille,Sr.,6-4,G,15,85,73,274,division3
145,146,Ethan Helwig,North Central (IL),So.,6-4,G,17,95,50,274,division3
146,147,Alfonzo Stokes,Mitchell,Jr.,6-1,G,15,106,53,274,division3
147,148,Steven Quinn,Hardin-Simmons,Sr.,6-4,F,15,85,79,273,division3
148,149,Bobby Hawkinson,NYU,Sr.,6-10,F,14,108,54,272,division3
149,150,Jeff Hunter,Keene St.,Jr.,6-7,F,15,117,29,272,division3
150,151,Jesse O Dell,SUNY Poly,Jr.,6-6,C,19,119,34,272,division3
151,152,Jalin Robinson,Elizabethtown,Sr.,5-10,G,16,90,56,272,division3
152,153,Marcus Azor,UMass Dartmouth,Sr.,6-2,G,15,107,50,271,division3
153,154,Jakigh Dottin,Nichols,Jr.,6-2,G,13,103,57,271,division3
154,155,Cam Irvin,Greenville,Jr.,6-1,G,17,91,29,271,division3
155,156,Ali Sabet,Loras,So.,-,G,18,96,39,271,division3
156,157,Delvin Barnstable,Marian (WI),So.,6-4,G,16,102,29,270,division3
157,158,Sidney Brown,Albright,Sr.,5-9,G,17,102,15,270,division3
158,159,Dan Carr,Augustana (IL),Jr.,6-8,C,19,98,55,270,division3
159,160,"Ralph Grasso, Jr.",Anna Maria,Sr.,5-11,G,15,104,36,270,division3
160,161,Malik Green,Alvernia,Sr.,6-4,G,15,87,60,270,division3
161,162,Jackson Smith,Dominican (IL),Sr.,6-4,F,17,95,59,270,division3
162,163,Tone Cockrell,Keystone,Sr.,5-9,G,14,90,74,269,division3
163,164,Jesse Hafemeister,Catholic,So.,6-5,G,15,100,42,269,division3
164,165,Charlie McKinty,Eureka,Jr.,6-4,F,16,90,53,269,division3
165,166,Mark Blair,Dean,Jr.,6-3,G,15,112,43,268,division3
166,167,Brendan Trapper,St. John Fisher,Sr.,-,F,16,98,47,268,division3
167,168,Buzz Anthony,Randolph-Macon,Sr.,5-11,G,14,99,31,267,division3
168,169,Noah Osher,Middlebury,So.,6-0,G,17,99,43,267,division3
169,170,Anias Saunders,Mary Washington,Sr.,6-1,G,17,99,24,267,division3
170,171,Josh Angle,Claremont-M-S,Jr.,6-3,G,14,86,57,266,division3
171,172,Kyle Brown,LaGrange,Sr.,6-5,F,16,113,40,266,division3
172,173,J.R. Mazza,Wash. Jeff.,So.,6-2,G,17,81,43,266,division3
173,174,Jeremy Beckler,Carleton,Jr.,6-8,F,16,90,64,265,division3
174,175,Kenny Fukon,Penn St.-Behrend,Sr.,6-3,G,14,104,32,265,division3
175,176,Michael Gannon,SUNY Geneseo,Sr.,6-6,F,15,103,24,265,division3
176,177,Chris Labelle,Centenary (NJ),Sr.,6-1,G,13,78,96,265,division3
177,178,Arian Azemi,Rowan,Sr.,6-2,G,16,96,34,264,division3
178,179,Austin Grunder,SUNY Cortland,Jr.,6-6,F,15,104,34,264,division3
179,180,Eddie Muench,Wis.-Oshkosh,Sr.,6-5,G,18,95,30,264,division3
180,181,Tyler Watson,Wabash,Sr.,6-2,G,16,98,32,264,division3
181,182,Tim Fisher,Va. Wesleyan,Sr.,6-6,F,15,102,54,263,division3
182,183,PJ Gourley,Penn St.-Behrend,Sr.,6-4,F,15,88,72,263,division3
183,184,John Lowther,WPI,Jr.,6-5,F,17,111,28,263,division3
184,185,Grant Sareyka,Lancaster Bible,So.,6-0,G,16,105,31,263,division3
185,186,Liam Ward,Guilford,Sr.,6-6,F,14,105,32,263,division3
186,187,Jalon Borders,Russell Sage,Sr.,6-2,G,16,88,80,262,division3
187,188,Colin Bradanese,Babson,Sr.,6-5,F,18,117,22,262,division3
188,189,Cade Carroll,Crown (MN),Jr.,6-5,G,15,95,45,262,division3
189,190,Garrett Day,Amherst,Sr.,6-1,G,17,79,53,262,division3
190,191,Josh Reding,Alfred St.,Jr.,5-9,G,17,79,71,262,division3
191,192,Ahmad Young,Whittier,Sr.,6-2,G,14,83,64,262,division3
192,193,Warrick Godwin Jr.,Wilson,Jr.,6-1,G,17,88,36,261,division3
193,194,Donyae Baylor-Carroll,Penn St. Harrisburg,Sr.,5-7,G,15,78,55,260,division3
194,195,Jahidi Wallace,SUNY Brockport,Jr.,6-2,G,16,87,81,260,division3
195,196,Cortez Garland,Albion,Sr.,6-0,G,15,81,71,259,division3
196,197,Marcus Gee,Caltech,Sr.,6-2,G,16,83,46,259,division3
197,198,Dustin Gerald,Centre,Sr.,6-4,F,15,108,32,259,division3
198,199,Pernell Ghee,Delaware Valley,Sr.,6-4,G,17,98,51,259,division3
199,200,Eli Harris,Roger Williams,Sr.,5-10,G,12,91,32,259,division3
200,201,Kyle Poerschke,Southwestern (TX),Sr.,-,G,16,94,50,259,division3
201,202,Alex Sikorski,Western New Eng.,Sr.,6-2,G,15,95,41,259,division3
202,203,Brandon Styers,Wooster,Sr.,6-3,G,15,94,48,259,division3
